symbol_binance,symbol_common,class,name,listing_date,description,exclude,exclude_reason,classification_note
A2ZUSDT,A2Z,GameFi,A2Z,2025-07-30,Gaming ecosystem token associated with A2Z; used for governance and in-game economy operations within the GameFi ecosystem.,False,,Assigned via curated taxonomy + Binance tags
ACEUSDT,ACE,GameFi,ACE,2023-12-18,Gaming ecosystem token associated with ACE; used for governance and in-game economy operations within the GameFi ecosystem.,False,,Assigned via curated taxonomy + Binance tags
AGLDUSDT,AGLD,GameFi,AGLD,2023-01-01,Gaming ecosystem token associated with AGLD; used for governance and in-game economy operations within the GameFi ecosystem.,False,,Assigned via curated taxonomy + Binance tags
AIUSDT,AI,GameFi,AI,2024-01-04,Gaming ecosystem token associated with AI; used for governance and in-game economy operations within the GameFi ecosystem.,False,,Assigned via curated taxonomy + Binance tags
ALICEUSDT,ALICE,GameFi,ALICE,2023-01-01,Gaming ecosystem token associated with ALICE; used for governance and in-game economy operations within the GameFi ecosystem.,False,,Assigned via curated taxonomy + Binance tags
AXSUSDT,AXS,GameFi,AXS,2023-01-01,Gaming ecosystem token associated with AXS; used for governance and in-game economy operations within the GameFi ecosystem.,False,,Assigned via curated taxonomy + Binance tags
BEAMXUSDT,BEAMX,GameFi,BEAMX,2023-01-01,Gaming ecosystem token associated with BEAMX; used for governance and in-game economy operations within the GameFi ecosystem.,False,,Assigned via curated taxonomy + Binance tags
BIGTIMEUSDT,BIGTIME,GameFi,BIGTIME,2025-04-11,Gaming ecosystem token associated with BIGTIME; used for governance and in-game economy operations within the GameFi ecosystem.,False,,Assigned via curated taxonomy + Binance tags
CATIUSDT,CATI,GameFi,CATI,2024-09-20,Gaming ecosystem token associated with CATI; used for governance and in-game economy operations within the GameFi ecosystem.,False,,Assigned via curated taxonomy + Binance tags
DUSDT,D,GameFi,D,2025-01-09,Gaming ecosystem token associated with D; used for governance and in-game economy operations within the GameFi ecosystem.,False,,Assigned via curated taxonomy + Binance tags
ENJUSDT,ENJ,GameFi,ENJ,2023-01-01,Gaming ecosystem token associated with ENJ; used for governance and in-game economy operations within the GameFi ecosystem.,False,,Assigned via curated taxonomy + Binance tags
GALAUSDT,GALA,GameFi,GALA,2023-01-01,Gaming ecosystem token associated with GALA; used for governance and in-game economy operations within the GameFi ecosystem.,False,,Assigned via curated taxonomy + Binance tags
HMSTRUSDT,HMSTR,GameFi,HMSTR,2024-09-26,Gaming ecosystem token associated with HMSTR; used for governance and in-game economy operations within the GameFi ecosystem.,False,,Assigned via curated taxonomy + Binance tags
ILVUSDT,ILV,GameFi,ILV,2023-01-01,Gaming ecosystem token associated with ILV; used for governance and in-game economy operations within the GameFi ecosystem.,False,,Assigned via curated taxonomy + Binance tags
IMXUSDT,IMX,GameFi,IMX,2023-01-01,Gaming ecosystem token associated with IMX; used for governance and in-game economy operations within the GameFi ecosystem.,False,,Assigned via curated taxonomy + Binance tags
MANAUSDT,MANA,GameFi,MANA,2023-01-01,Gaming ecosystem token associated with MANA; used for governance and in-game economy operations within the GameFi ecosystem.,False,,Assigned via curated taxonomy + Binance tags
MBLUSDT,MBL,GameFi,MBL,2023-01-01,Gaming ecosystem token associated with MBL; used for governance and in-game economy operations within the GameFi ecosystem.,False,,Assigned via curated taxonomy + Binance tags
MBOXUSDT,MBOX,GameFi,MBOX,2023-01-01,Gaming ecosystem token associated with MBOX; used for governance and in-game economy operations within the GameFi ecosystem.,False,,Assigned via curated taxonomy + Binance tags
NOTUSDT,NOT,GameFi,NOT,2024-05-16,Gaming ecosystem token associated with NOT; used for governance and in-game economy operations within the GameFi ecosystem.,False,,Assigned via curated taxonomy + Binance tags
PIXELUSDT,PIXEL,GameFi,PIXEL,2024-02-19,Gaming ecosystem token associated with PIXEL; used for governance and in-game economy operations within the GameFi ecosystem.,False,,Assigned via curated taxonomy + Binance tags
PORTALUSDT,PORTAL,GameFi,PORTAL,2024-02-29,Gaming ecosystem token associated with PORTAL; used for governance and in-game economy operations within the GameFi ecosystem.,False,,Assigned via curated taxonomy + Binance tags
PYRUSDT,PYR,GameFi,PYR,2023-01-01,Gaming ecosystem token associated with PYR; used for governance and in-game economy operations within the GameFi ecosystem.,False,,Assigned via curated taxonomy + Binance tags
SANDUSDT,SAND,GameFi,SAND,2023-01-01,Gaming ecosystem token associated with SAND; used for governance and in-game economy operations within the GameFi ecosystem.,False,,Assigned via curated taxonomy + Binance tags
SLPUSDT,SLP,GameFi,SLP,2023-01-01,Gaming ecosystem token associated with SLP; used for governance and in-game economy operations within the GameFi ecosystem.,False,,Assigned via curated taxonomy + Binance tags
TLMUSDT,TLM,GameFi,TLM,2023-01-01,Gaming ecosystem token associated with TLM; used for governance and in-game economy operations within the GameFi ecosystem.,False,,Assigned via curated taxonomy + Binance tags
VOXELUSDT,VOXEL,GameFi,VOXEL,2023-01-01,Gaming ecosystem token associated with VOXEL; used for governance and in-game economy operations within the GameFi ecosystem.,False,,Assigned via curated taxonomy + Binance tags
XAIUSDT,XAI,GameFi,XAI,2024-01-09,Gaming ecosystem token associated with XAI; used for governance and in-game economy operations within the GameFi ecosystem.,False,,Assigned via curated taxonomy + Binance tags
YGGUSDT,YGG,GameFi,YGG,2023-01-01,Gaming ecosystem token associated with YGG; used for governance and in-game economy operations within the GameFi ecosystem.,False,,Assigned via curated taxonomy + Binance tags
ADAUSDT,ADA,L1,ADA,2023-01-01,"Native token of the ADA base-layer blockchain (Proof of Stake); used to pay transaction fees and secure the network, with chain-specific monetary properties.",False,,Assigned via curated taxonomy + Binance tags
ALGOUSDT,ALGO,L1,ALGO,2023-01-01,"Native token of the ALGO base-layer blockchain (Proof of Stake); used to pay transaction fees and secure the network, with chain-specific monetary properties.",False,,Assigned via curated taxonomy + Binance tags
ATOMUSDT,ATOM,L1,ATOM,2023-01-01,"Native token of the ATOM base-layer blockchain (Proof of Stake); used to pay transaction fees and secure the network, with chain-specific monetary properties.",False,,Assigned via curated taxonomy + Binance tags
AVAXUSDT,AVAX,L1,AVAX,2023-01-01,"Native token of the AVAX base-layer blockchain (Proof of Stake); used to pay transaction fees and secure the network, with chain-specific monetary properties.",False,,Assigned via curated taxonomy + Binance tags
BNBUSDT,BNB,L1,BNB,2023-01-01,"Native token of the BNB base-layer blockchain (Proof of Stake); used to pay transaction fees and secure the network, with chain-specific monetary properties.",False,,Assigned via curated taxonomy + Binance tags
BTCUSDT,BTC,L1,BTC,2023-01-01,"Native token of the BTC base-layer blockchain (Proof of Work); used to pay transaction fees and secure the network, with chain-specific monetary properties.",False,,Assigned via curated taxonomy + Binance tags
DOTUSDT,DOT,L1,DOT,2023-01-01,"Native token of the DOT base-layer blockchain (Proof of Stake); used to pay transaction fees and secure the network, with chain-specific monetary properties.",False,,Assigned via curated taxonomy + Binance tags
EOSUSDT,EOS,L1,EOS,2022-12-15,"Native token of the EOS base-layer blockchain; used to pay transaction fees and secure the network, with chain-specific monetary properties.",False,,Assigned via curated taxonomy + Binance tags
ETCUSDT,ETC,L1,ETC,2023-01-01,"Native token of the ETC base-layer blockchain (Proof of Work); used to pay transaction fees and secure the network, with chain-specific monetary properties.",False,,Assigned via curated taxonomy + Binance tags
ETHUSDT,ETH,L1,ETH,2023-01-01,"Native token of the ETH base-layer blockchain (Proof of Stake); used to pay transaction fees and secure the network, with chain-specific monetary properties.",False,,Assigned via curated taxonomy + Binance tags
ICPUSDT,ICP,L1,ICP,2023-01-01,"Native token of the ICP base-layer blockchain; used to pay transaction fees and secure the network, with chain-specific monetary properties.",False,,Assigned via curated taxonomy + Binance tags
LTCUSDT,LTC,L1,LTC,2023-01-01,"Native token of the LTC base-layer blockchain (Proof of Work); used to pay transaction fees and secure the network, with chain-specific monetary properties.",False,,Assigned via curated taxonomy + Binance tags
NEOUSDT,NEO,L1,NEO,2023-01-01,"Native token of the NEO base-layer blockchain (Proof of Stake); used to pay transaction fees and secure the network, with chain-specific monetary properties.",False,,Assigned via curated taxonomy + Binance tags
SOLUSDT,SOL,L1,SOL,2023-01-01,"Native token of the SOL base-layer blockchain (Proof of Stake); used to pay transaction fees and secure the network, with chain-specific monetary properties.",False,,Assigned via curated taxonomy + Binance tags
TONUSDT,TON,L1,TON,2024-08-08,"Native token of the TON base-layer blockchain; used to pay transaction fees and secure the network, with chain-specific monetary properties.",False,,Assigned via curated taxonomy + Binance tags
TRXUSDT,TRX,L1,TRX,2023-01-01,"Native token of the TRX base-layer blockchain (Proof of Stake); used to pay transaction fees and secure the network, with chain-specific monetary properties.",False,,Assigned via curated taxonomy + Binance tags
XLMUSDT,XLM,L1,XLM,2023-01-01,"Native token of the XLM base-layer blockchain; used to pay transaction fees and secure the network, with chain-specific monetary properties.",False,,Assigned via curated taxonomy + Binance tags
XMRUSDT,XMR,L1,XMR,2022-12-15,"Native token of the XMR base-layer blockchain; used to pay transaction fees and secure the network, with chain-specific monetary properties.",False,,Assigned via curated taxonomy + Binance tags
XRPUSDT,XRP,L1,XRP,2023-01-01,"Native token of the XRP base-layer blockchain; used to pay transaction fees and secure the network, with chain-specific monetary properties.",False,,Assigned via curated taxonomy + Binance tags
XTZUSDT,XTZ,L1,XTZ,2023-01-01,"Native token of the XTZ base-layer blockchain (Proof of Stake); used to pay transaction fees and secure the network, with chain-specific monetary properties.",False,,Assigned via curated taxonomy + Binance tags
0GUSDT,0G,L2,0G,2025-09-22,"Governance and utility token for the 0G in a Layer 2/sidechain architecture; enables protocol governance and may relate to sequencer economics, bridging, and fee mechanisms.",False,,Assigned via curated taxonomy + Binance tags; L2 precedence over Protocol when both signals exist
AUSDT,A,L2,A,2025-05-28,"Governance and utility token for the A in a Layer 2/sidechain architecture; enables protocol governance and may relate to sequencer economics, bridging, and fee mechanisms.",False,,Assigned via curated taxonomy + Binance tags; L2 precedence over Protocol when both signals exist
ACAUSDT,ACA,L2,ACA,2023-01-01,"Governance and utility token for the ACA in a Layer 2/sidechain architecture; enables protocol governance and may relate to sequencer economics, bridging, and fee mechanisms.",False,,Assigned via curated taxonomy + Binance tags; L2 precedence over Protocol when both signals exist
AEVOUSDT,AEVO,L2,AEVO,2024-03-13,"Governance and utility token for the AEVO in a Layer 2/sidechain architecture; enables protocol governance and may relate to sequencer economics, bridging, and fee mechanisms.",False,,Assigned via curated taxonomy + Binance tags; L2 precedence over Protocol when both signals exist
APTUSDT,APT,L2,APT,2022-10-19,"Governance and utility token for the APT in a Layer 2/sidechain architecture; enables protocol governance and may relate to sequencer economics, bridging, and fee mechanisms.",False,,Assigned via curated taxonomy + Binance tags; L2 precedence over Protocol when both signals exist
ARBUSDT,ARB,L2,ARB,2023-03-23,"Governance and utility token for the ARB in a Layer 2/sidechain architecture; enables protocol governance and may relate to sequencer economics, bridging, and fee mechanisms.",False,,Assigned via curated taxonomy + Binance tags; L2 precedence over Protocol when both signals exist
ARDRUSDT,ARDR,L2,ARDR,2023-01-01,"Governance and utility token for the ARDR in a Layer 2/sidechain architecture; enables protocol governance and may relate to sequencer economics, bridging, and fee mechanisms.",False,,Assigned via curated taxonomy + Binance tags; L2 precedence over Protocol when both signals exist
ARKUSDT,ARK,L2,ARK,2023-01-01,"Governance and utility token for the ARK in a Layer 2/sidechain architecture; enables protocol governance and may relate to sequencer economics, bridging, and fee mechanisms.",False,,Assigned via curated taxonomy + Binance tags; L2 precedence over Protocol when both signals exist
ARPAUSDT,ARPA,L2,ARPA,2023-01-01,"Governance and utility token for the ARPA in a Layer 2/sidechain architecture; enables protocol governance and may relate to sequencer economics, bridging, and fee mechanisms.",False,,Assigned via curated taxonomy + Binance tags; L2 precedence over Protocol when both signals exist
ASTRUSDT,ASTR,L2,ASTR,2023-01-01,"Governance and utility token for the ASTR in a Layer 2/sidechain architecture; enables protocol governance and may relate to sequencer economics, bridging, and fee mechanisms.",False,,Assigned via curated taxonomy + Binance tags; L2 precedence over Protocol when both signals exist
AXLUSDT,AXL,L2,AXL,2024-03-01,"Governance and utility token for the AXL in a Layer 2/sidechain architecture; enables protocol governance and may relate to sequencer economics, bridging, and fee mechanisms.",False,,Assigned via curated taxonomy + Binance tags; L2 precedence over Protocol when both signals exist
BABYUSDT,BABY,L2,BABY,2025-04-10,"Governance and utility token for the BABY in a Layer 2/sidechain architecture; enables protocol governance and may relate to sequencer economics, bridging, and fee mechanisms.",False,,Assigned via curated taxonomy + Binance tags; L2 precedence over Protocol when both signals exist
BBUSDT,BB,L2,BB,2024-05-13,"Governance and utility token for the BB in a Layer 2/sidechain architecture; enables protocol governance and may relate to sequencer economics, bridging, and fee mechanisms.",False,,Assigned via curated taxonomy + Binance tags; L2 precedence over Protocol when both signals exist
BERAUSDT,BERA,L2,BERA,2025-02-06,"Governance and utility token for the BERA in a Layer 2/sidechain architecture; enables protocol governance and may relate to sequencer economics, bridging, and fee mechanisms.",False,,Assigned via curated taxonomy + Binance tags; L2 precedence over Protocol when both signals exist
CELOUSDT,CELO,L2,CELO,2023-01-01,"Governance and utility token for the CELO in a Layer 2/sidechain architecture; enables protocol governance and may relate to sequencer economics, bridging, and fee mechanisms.",False,,Assigned via curated taxonomy + Binance tags; L2 precedence over Protocol when both signals exist
CELRUSDT,CELR,L2,CELR,2023-01-01,"Governance and utility token for the CELR in a Layer 2/sidechain architecture; enables protocol governance and may relate to sequencer economics, bridging, and fee mechanisms.",False,,Assigned via curated taxonomy + Binance tags; L2 precedence over Protocol when both signals exist
CFXUSDT,CFX,L2,CFX,2023-01-01,"Governance and utility token for the CFX in a Layer 2/sidechain architecture; enables protocol governance and may relate to sequencer economics, bridging, and fee mechanisms.",False,,Assigned via curated taxonomy + Binance tags; L2 precedence over Protocol when both signals exist
CHRUSDT,CHR,L2,CHR,2023-01-01,"Governance and utility token for the CHR in a Layer 2/sidechain architecture; enables protocol governance and may relate to sequencer economics, bridging, and fee mechanisms.",False,,Assigned via curated taxonomy + Binance tags; L2 precedence over Protocol when both signals exist
CHZUSDT,CHZ,L2,CHZ,2023-01-01,"Governance and utility token for the CHZ in a Layer 2/sidechain architecture; enables protocol governance and may relate to sequencer economics, bridging, and fee mechanisms.",False,,Assigned via curated taxonomy + Binance tags; L2 precedence over Protocol when both signals exist
CKBUSDT,CKB,L2,CKB,2023-01-01,"Governance and utility token for the CKB in a Layer 2/sidechain architecture; enables protocol governance and may relate to sequencer economics, bridging, and fee mechanisms.",False,,Assigned via curated taxonomy + Binance tags; L2 precedence over Protocol when both signals exist
CTSIUSDT,CTSI,L2,CTSI,2023-01-01,"Governance and utility token for the CTSI in a Layer 2/sidechain architecture; enables protocol governance and may relate to sequencer economics, bridging, and fee mechanisms.",False,,Assigned via curated taxonomy + Binance tags; L2 precedence over Protocol when both signals exist
DCRUSDT,DCR,L2,DCR,2023-01-01,"Governance and utility token for the DCR in a Layer 2/sidechain architecture; enables protocol governance and may relate to sequencer economics, bridging, and fee mechanisms.",False,,Assigned via curated taxonomy + Binance tags; L2 precedence over Protocol when both signals exist
DYMUSDT,DYM,L2,DYM,2024-02-06,"Governance and utility token for the DYM in a Layer 2/sidechain architecture; enables protocol governance and may relate to sequencer economics, bridging, and fee mechanisms.",False,,Assigned via curated taxonomy + Binance tags; L2 precedence over Protocol when both signals exist
EGLDUSDT,EGLD,L2,EGLD,2023-01-01,"Governance and utility token for the EGLD in a Layer 2/sidechain architecture; enables protocol governance and may relate to sequencer economics, bridging, and fee mechanisms.",False,,Assigned via curated taxonomy + Binance tags; L2 precedence over Protocol when both signals exist
EPICUSDT,EPIC,L2,EPIC,2025-03-13,"Governance and utility token for the EPIC in a Layer 2/sidechain architecture; enables protocol governance and may relate to sequencer economics, bridging, and fee mechanisms.",False,,Assigned via curated taxonomy + Binance tags; L2 precedence over Protocol when both signals exist
FLOWUSDT,FLOW,L2,FLOW,2023-01-01,"Governance and utility token for the FLOW in a Layer 2/sidechain architecture; enables protocol governance and may relate to sequencer economics, bridging, and fee mechanisms.",False,,Assigned via curated taxonomy + Binance tags; L2 precedence over Protocol when both signals exist
FLUXUSDT,FLUX,L2,FLUX,2023-01-01,"Governance and utility token for the FLUX in a Layer 2/sidechain architecture; enables protocol governance and may relate to sequencer economics, bridging, and fee mechanisms.",False,,Assigned via curated taxonomy + Binance tags; L2 precedence over Protocol when both signals exist
GLMRUSDT,GLMR,L2,GLMR,2023-01-01,"Governance and utility token for the GLMR in a Layer 2/sidechain architecture; enables protocol governance and may relate to sequencer economics, bridging, and fee mechanisms.",False,,Assigned via curated taxonomy + Binance tags; L2 precedence over Protocol when both signals exist
GNOUSDT,GNO,L2,GNO,2023-01-01,"Governance and utility token for the GNO in a Layer 2/sidechain architecture; enables protocol governance and may relate to sequencer economics, bridging, and fee mechanisms.",False,,Assigned via curated taxonomy + Binance tags; L2 precedence over Protocol when both signals exist
GUNUSDT,GUN,L2,GUN,2025-03-31,"Governance and utility token for the GUN in a Layer 2/sidechain architecture; enables protocol governance and may relate to sequencer economics, bridging, and fee mechanisms.",False,,Assigned via curated taxonomy + Binance tags; L2 precedence over Protocol when both signals exist
HBARUSDT,HBAR,L2,HBAR,2023-01-01,"Governance and utility token for the HBAR in a Layer 2/sidechain architecture; enables protocol governance and may relate to sequencer economics, bridging, and fee mechanisms.",False,,Assigned via curated taxonomy + Binance tags; L2 precedence over Protocol when both signals exist
HEMIUSDT,HEMI,L2,HEMI,2025-09-23,"Governance and utility token for the HEMI in a Layer 2/sidechain architecture; enables protocol governance and may relate to sequencer economics, bridging, and fee mechanisms.",False,,Assigned via curated taxonomy + Binance tags; L2 precedence over Protocol when both signals exist
HIVEUSDT,HIVE,L2,HIVE,2023-01-01,"Governance and utility token for the HIVE in a Layer 2/sidechain architecture; enables protocol governance and may relate to sequencer economics, bridging, and fee mechanisms.",False,,Assigned via curated taxonomy + Binance tags; L2 precedence over Protocol when both signals exist
HOTUSDT,HOT,L2,HOT,2023-01-01,"Governance and utility token for the HOT in a Layer 2/sidechain architecture; enables protocol governance and may relate to sequencer economics, bridging, and fee mechanisms.",False,,Assigned via curated taxonomy + Binance tags; L2 precedence over Protocol when both signals exist
ICXUSDT,ICX,L2,ICX,2023-01-01,"Governance and utility token for the ICX in a Layer 2/sidechain architecture; enables protocol governance and may relate to sequencer economics, bridging, and fee mechanisms.",False,,Assigned via curated taxonomy + Binance tags; L2 precedence over Protocol when both signals exist
INITUSDT,INIT,L2,INIT,2025-04-24,"Governance and utility token for the INIT in a Layer 2/sidechain architecture; enables protocol governance and may relate to sequencer economics, bridging, and fee mechanisms.",False,,Assigned via curated taxonomy + Binance tags; L2 precedence over Protocol when both signals exist
INJUSDT,INJ,L2,INJ,2023-01-01,"Governance and utility token for the INJ in a Layer 2/sidechain architecture; enables protocol governance and may relate to sequencer economics, bridging, and fee mechanisms.",False,,Assigned via curated taxonomy + Binance tags; L2 precedence over Protocol when both signals exist
IOSTUSDT,IOST,L2,IOST,2023-01-01,"Governance and utility token for the IOST in a Layer 2/sidechain architecture; enables protocol governance and may relate to sequencer economics, bridging, and fee mechanisms.",False,,Assigned via curated taxonomy + Binance tags; L2 precedence over Protocol when both signals exist
IOTAUSDT,IOTA,L2,IOTA,2023-01-01,"Governance and utility token for the IOTA in a Layer 2/sidechain architecture; enables protocol governance and may relate to sequencer economics, bridging, and fee mechanisms.",False,,Assigned via curated taxonomy + Binance tags; L2 precedence over Protocol when both signals exist
IOTXUSDT,IOTX,L2,IOTX,2023-01-01,"Governance and utility token for the IOTX in a Layer 2/sidechain architecture; enables protocol governance and may relate to sequencer economics, bridging, and fee mechanisms.",False,,Assigned via curated taxonomy + Binance tags; L2 precedence over Protocol when both signals exist
KAIAUSDT,KAIA,L2,KAIA,2024-10-31,"Governance and utility token for the KAIA in a Layer 2/sidechain architecture; enables protocol governance and may relate to sequencer economics, bridging, and fee mechanisms.",False,,Assigned via curated taxonomy + Binance tags; L2 precedence over Protocol when both signals exist
KAVAUSDT,KAVA,L2,KAVA,2023-01-01,"Governance and utility token for the KAVA in a Layer 2/sidechain architecture; enables protocol governance and may relate to sequencer economics, bridging, and fee mechanisms.",False,,Assigned via curated taxonomy + Binance tags; L2 precedence over Protocol when both signals exist
KSMUSDT,KSM,L2,KSM,2023-01-01,"Governance and utility token for the KSM in a Layer 2/sidechain architecture; enables protocol governance and may relate to sequencer economics, bridging, and fee mechanisms.",False,,Assigned via curated taxonomy + Binance tags; L2 precedence over Protocol when both signals exist
LINEAUSDT,LINEA,L2,LINEA,2025-09-10,"Governance and utility token for the LINEA in a Layer 2/sidechain architecture; enables protocol governance and may relate to sequencer economics, bridging, and fee mechanisms.",False,,Assigned via curated taxonomy + Binance tags; L2 precedence over Protocol when both signals exist
LSKUSDT,LSK,L2,LSK,2023-01-01,"Governance and utility token for the LSK in a Layer 2/sidechain architecture; enables protocol governance and may relate to sequencer economics, bridging, and fee mechanisms.",False,,Assigned via curated taxonomy + Binance tags; L2 precedence over Protocol when both signals exist
LUMIAUSDT,LUMIA,L2,LUMIA,2024-10-18,"Governance and utility token for the LUMIA in a Layer 2/sidechain architecture; enables protocol governance and may relate to sequencer economics, bridging, and fee mechanisms.",False,,Assigned via curated taxonomy + Binance tags; L2 precedence over Protocol when both signals exist
LUNAUSDT,LUNA,L2,LUNA,2023-01-01,"Governance and utility token for the LUNA in a Layer 2/sidechain architecture; enables protocol governance and may relate to sequencer economics, bridging, and fee mechanisms.",False,,Assigned via curated taxonomy + Binance tags; L2 precedence over Protocol when both signals exist
LUNCUSDT,LUNC,L2,LUNC,2023-01-01,"Governance and utility token for the LUNC in a Layer 2/sidechain architecture; enables protocol governance and may relate to sequencer economics, bridging, and fee mechanisms.",False,,Assigned via curated taxonomy + Binance tags; L2 precedence over Protocol when both signals exist
MANTAUSDT,MANTA,L2,MANTA,2024-01-18,"Governance and utility token for the MANTA in a Layer 2/sidechain architecture; enables protocol governance and may relate to sequencer economics, bridging, and fee mechanisms.",False,,Assigned via curated taxonomy + Binance tags; L2 precedence over Protocol when both signals exist
MATICUSDT,MATIC,L2,MATIC,2022-12-15,"Governance and utility token for the MATIC in a Layer 2/sidechain architecture; enables protocol governance and may relate to sequencer economics, bridging, and fee mechanisms.",False,,Assigned via curated taxonomy + Binance tags; L2 precedence over Protocol when both signals exist
METISUSDT,METIS,L2,METIS,2024-03-11,"Governance and utility token for the METIS in a Layer 2/sidechain architecture; enables protocol governance and may relate to sequencer economics, bridging, and fee mechanisms.",False,,Assigned via curated taxonomy + Binance tags; L2 precedence over Protocol when both signals exist
MINAUSDT,MINA,L2,MINA,2023-01-01,"Governance and utility token for the MINA in a Layer 2/sidechain architecture; enables protocol governance and may relate to sequencer economics, bridging, and fee mechanisms.",False,,Assigned via curated taxonomy + Binance tags; L2 precedence over Protocol when both signals exist
MOVEUSDT,MOVE,L2,MOVE,2024-12-09,"Governance and utility token for the MOVE in a Layer 2/sidechain architecture; enables protocol governance and may relate to sequencer economics, bridging, and fee mechanisms.",False,,Assigned via curated taxonomy + Binance tags; L2 precedence over Protocol when both signals exist
MOVRUSDT,MOVR,L2,MOVR,2023-01-01,"Governance and utility token for the MOVR in a Layer 2/sidechain architecture; enables protocol governance and may relate to sequencer economics, bridging, and fee mechanisms.",False,,Assigned via curated taxonomy + Binance tags; L2 precedence over Protocol when both signals exist
NEARUSDT,NEAR,L2,NEAR,2023-01-01,"Governance and utility token for the NEAR in a Layer 2/sidechain architecture; enables protocol governance and may relate to sequencer economics, bridging, and fee mechanisms.",False,,Assigned via curated taxonomy + Binance tags; L2 precedence over Protocol when both signals exist
NILUSDT,NIL,L2,NIL,2025-03-24,"Governance and utility token for the NIL in a Layer 2/sidechain architecture; enables protocol governance and may relate to sequencer economics, bridging, and fee mechanisms.",False,,Assigned via curated taxonomy + Binance tags; L2 precedence over Protocol when both signals exist
NOMUSDT,NOM,L2,NOM,2025-10-01,"Governance and utility token for the NOM in a Layer 2/sidechain architecture; enables protocol governance and may relate to sequencer economics, bridging, and fee mechanisms.",False,,Assigned via curated taxonomy + Binance tags; L2 precedence over Protocol when both signals exist
NTRNUSDT,NTRN,L2,NTRN,2023-10-10,"Governance and utility token for the NTRN in a Layer 2/sidechain architecture; enables protocol governance and may relate to sequencer economics, bridging, and fee mechanisms.",False,,Assigned via curated taxonomy + Binance tags; L2 precedence over Protocol when both signals exist
NXPCUSDT,NXPC,L2,NXPC,2025-05-15,"Governance and utility token for the NXPC in a Layer 2/sidechain architecture; enables protocol governance and may relate to sequencer economics, bridging, and fee mechanisms.",False,,Assigned via curated taxonomy + Binance tags; L2 precedence over Protocol when both signals exist
OMUSDT,OM,L2,OM,2023-01-01,"Governance and utility token for the OM in a Layer 2/sidechain architecture; enables protocol governance and may relate to sequencer economics, bridging, and fee mechanisms.",False,,Assigned via curated taxonomy + Binance tags; L2 precedence over Protocol when both signals exist
ONEUSDT,ONE,L2,ONE,2023-01-01,"Governance and utility token for the ONE in a Layer 2/sidechain architecture; enables protocol governance and may relate to sequencer economics, bridging, and fee mechanisms.",False,,Assigned via curated taxonomy + Binance tags; L2 precedence over Protocol when both signals exist
ONTUSDT,ONT,L2,ONT,2023-01-01,"Governance and utility token for the ONT in a Layer 2/sidechain architecture; enables protocol governance and may relate to sequencer economics, bridging, and fee mechanisms.",False,,Assigned via curated taxonomy + Binance tags; L2 precedence over Protocol when both signals exist
OPUSDT,OP,L2,OP,2022-06-01,"Governance and utility token for the OP in a Layer 2/sidechain architecture; enables protocol governance and may relate to sequencer economics, bridging, and fee mechanisms.",False,,Assigned via curated taxonomy + Binance tags; L2 precedence over Protocol when both signals exist
OPENUSDT,OPEN,L2,OPEN,2025-09-08,"Governance and utility token for the OPEN in a Layer 2/sidechain architecture; enables protocol governance and may relate to sequencer economics, bridging, and fee mechanisms.",False,,Assigned via curated taxonomy + Binance tags; L2 precedence over Protocol when both signals exist
OSMOUSDT,OSMO,L2,OSMO,2022-10-28,"Governance and utility token for the OSMO in a Layer 2/sidechain architecture; enables protocol governance and may relate to sequencer economics, bridging, and fee mechanisms.",False,,Assigned via curated taxonomy + Binance tags; L2 precedence over Protocol when both signals exist
PARTIUSDT,PARTI,L2,PARTI,2025-03-25,"Governance and utility token for the PARTI in a Layer 2/sidechain architecture; enables protocol governance and may relate to sequencer economics, bridging, and fee mechanisms.",False,,Assigned via curated taxonomy + Binance tags; L2 precedence over Protocol when both signals exist
PHBUSDT,PHB,L2,PHB,2023-01-01,"Governance and utility token for the PHB in a Layer 2/sidechain architecture; enables protocol governance and may relate to sequencer economics, bridging, and fee mechanisms.",False,,Assigned via curated taxonomy + Binance tags; L2 precedence over Protocol when both signals exist
PLUMEUSDT,PLUME,L2,PLUME,2025-08-18,"Governance and utility token for the PLUME in a Layer 2/sidechain architecture; enables protocol governance and may relate to sequencer economics, bridging, and fee mechanisms.",False,,Assigned via curated taxonomy + Binance tags; L2 precedence over Protocol when both signals exist
POLUSDT,POL,L2,POL,2024-09-13,"Governance and utility token for the POL in a Layer 2/sidechain architecture; enables protocol governance and may relate to sequencer economics, bridging, and fee mechanisms.",False,,Assigned via curated taxonomy + Binance tags; L2 precedence over Protocol when both signals exist
POLYXUSDT,POLYX,L2,POLYX,2023-01-01,"Governance and utility token for the POLYX in a Layer 2/sidechain architecture; enables protocol governance and may relate to sequencer economics, bridging, and fee mechanisms.",False,,Assigned via curated taxonomy + Binance tags; L2 precedence over Protocol when both signals exist
QKCUSDT,QKC,L2,QKC,2023-01-01,"Governance and utility token for the QKC in a Layer 2/sidechain architecture; enables protocol governance and may relate to sequencer economics, bridging, and fee mechanisms.",False,,Assigned via curated taxonomy + Binance tags; L2 precedence over Protocol when both signals exist
QTUMUSDT,QTUM,L2,QTUM,2023-01-01,"Governance and utility token for the QTUM in a Layer 2/sidechain architecture; enables protocol governance and may relate to sequencer economics, bridging, and fee mechanisms.",False,,Assigned via curated taxonomy + Binance tags; L2 precedence over Protocol when both signals exist
REIUSDT,REI,L2,REI,2023-01-01,"Governance and utility token for the REI in a Layer 2/sidechain architecture; enables protocol governance and may relate to sequencer economics, bridging, and fee mechanisms.",False,,Assigned via curated taxonomy + Binance tags; L2 precedence over Protocol when both signals exist
RIFUSDT,RIF,L2,RIF,2023-01-01,"Governance and utility token for the RIF in a Layer 2/sidechain architecture; enables protocol governance and may relate to sequencer economics, bridging, and fee mechanisms.",False,,Assigned via curated taxonomy + Binance tags; L2 precedence over Protocol when both signals exist
RONINUSDT,RONIN,L2,RONIN,2024-02-05,"Governance and utility token for the RONIN in a Layer 2/sidechain architecture; enables protocol governance and may relate to sequencer economics, bridging, and fee mechanisms.",False,,Assigned via curated taxonomy + Binance tags; L2 precedence over Protocol when both signals exist
ROSEUSDT,ROSE,L2,ROSE,2023-01-01,"Governance and utility token for the ROSE in a Layer 2/sidechain architecture; enables protocol governance and may relate to sequencer economics, bridging, and fee mechanisms.",False,,Assigned via curated taxonomy + Binance tags; L2 precedence over Protocol when both signals exist
SUSDT,S,L2,S,2025-01-16,"Governance and utility token for the S in a Layer 2/sidechain architecture; enables protocol governance and may relate to sequencer economics, bridging, and fee mechanisms.",False,,Assigned via curated taxonomy + Binance tags; L2 precedence over Protocol when both signals exist
SAGAUSDT,SAGA,L2,SAGA,2024-04-09,"Governance and utility token for the SAGA in a Layer 2/sidechain architecture; enables protocol governance and may relate to sequencer economics, bridging, and fee mechanisms.",False,,Assigned via curated taxonomy + Binance tags; L2 precedence over Protocol when both signals exist
SCRUSDT,SCR,L2,SCR,2024-10-22,"Governance and utility token for the SCR in a Layer 2/sidechain architecture; enables protocol governance and may relate to sequencer economics, bridging, and fee mechanisms.",False,,Assigned via curated taxonomy + Binance tags; L2 precedence over Protocol when both signals exist
SCRTUSDT,SCRT,L2,SCRT,2023-01-01,"Governance and utility token for the SCRT in a Layer 2/sidechain architecture; enables protocol governance and may relate to sequencer economics, bridging, and fee mechanisms.",False,,Assigned via curated taxonomy + Binance tags; L2 precedence over Protocol when both signals exist
SEIUSDT,SEI,L2,SEI,2023-08-15,"Governance and utility token for the SEI in a Layer 2/sidechain architecture; enables protocol governance and may relate to sequencer economics, bridging, and fee mechanisms.",False,,Assigned via curated taxonomy + Binance tags; L2 precedence over Protocol when both signals exist
SKLUSDT,SKL,L2,SKL,2023-01-01,"Governance and utility token for the SKL in a Layer 2/sidechain architecture; enables protocol governance and may relate to sequencer economics, bridging, and fee mechanisms.",False,,Assigned via curated taxonomy + Binance tags; L2 precedence over Protocol when both signals exist
SOMIUSDT,SOMI,L2,SOMI,2025-09-02,"Governance and utility token for the SOMI in a Layer 2/sidechain architecture; enables protocol governance and may relate to sequencer economics, bridging, and fee mechanisms.",False,,Assigned via curated taxonomy + Binance tags; L2 precedence over Protocol when both signals exist
SOPHUSDT,SOPH,L2,SOPH,2025-05-28,"Governance and utility token for the SOPH in a Layer 2/sidechain architecture; enables protocol governance and may relate to sequencer economics, bridging, and fee mechanisms.",False,,Assigned via curated taxonomy + Binance tags; L2 precedence over Protocol when both signals exist
STRAXUSDT,STRAX,L2,STRAX,2023-01-01,"Governance and utility token for the STRAX in a Layer 2/sidechain architecture; enables protocol governance and may relate to sequencer economics, bridging, and fee mechanisms.",False,,Assigned via curated taxonomy + Binance tags; L2 precedence over Protocol when both signals exist
STRKUSDT,STRK,L2,STRK,2024-02-20,"Governance and utility token for the STRK in a Layer 2/sidechain architecture; enables protocol governance and may relate to sequencer economics, bridging, and fee mechanisms.",False,,Assigned via curated taxonomy + Binance tags; L2 precedence over Protocol when both signals exist
STXUSDT,STX,L2,STX,2023-01-01,"Governance and utility token for the STX in a Layer 2/sidechain architecture; enables protocol governance and may relate to sequencer economics, bridging, and fee mechanisms.",False,,Assigned via curated taxonomy + Binance tags; L2 precedence over Protocol when both signals exist
SUIUSDT,SUI,L2,SUI,2023-05-03,"Governance and utility token for the SUI in a Layer 2/sidechain architecture; enables protocol governance and may relate to sequencer economics, bridging, and fee mechanisms.",False,,Assigned via curated taxonomy + Binance tags; L2 precedence over Protocol when both signals exist
SXTUSDT,SXT,L2,SXT,2025-05-08,"Governance and utility token for the SXT in a Layer 2/sidechain architecture; enables protocol governance and may relate to sequencer economics, bridging, and fee mechanisms.",False,,Assigned via curated taxonomy + Binance tags; L2 precedence over Protocol when both signals exist
SYSUSDT,SYS,L2,SYS,2023-01-01,"Governance and utility token for the SYS in a Layer 2/sidechain architecture; enables protocol governance and may relate to sequencer economics, bridging, and fee mechanisms.",False,,Assigned via curated taxonomy + Binance tags; L2 precedence over Protocol when both signals exist
TAOUSDT,TAO,L2,TAO,2024-04-11,"Governance and utility token for the TAO in a Layer 2/sidechain architecture; enables protocol governance and may relate to sequencer economics, bridging, and fee mechanisms.",False,,Assigned via curated taxonomy + Binance tags; L2 precedence over Protocol when both signals exist
THETAUSDT,THETA,L2,THETA,2023-01-01,"Governance and utility token for the THETA in a Layer 2/sidechain architecture; enables protocol governance and may relate to sequencer economics, bridging, and fee mechanisms.",False,,Assigned via curated taxonomy + Binance tags; L2 precedence over Protocol when both signals exist
VANAUSDT,VANA,L2,VANA,2024-12-16,"Governance and utility token for the VANA in a Layer 2/sidechain architecture; enables protocol governance and may relate to sequencer economics, bridging, and fee mechanisms.",False,,Assigned via curated taxonomy + Binance tags; L2 precedence over Protocol when both signals exist
VANRYUSDT,VANRY,L2,VANRY,2023-01-01,"Governance and utility token for the VANRY in a Layer 2/sidechain architecture; enables protocol governance and may relate to sequencer economics, bridging, and fee mechanisms.",False,,Assigned via curated taxonomy + Binance tags; L2 precedence over Protocol when both signals exist
VETUSDT,VET,L2,VET,2023-01-01,"Governance and utility token for the VET in a Layer 2/sidechain architecture; enables protocol governance and may relate to sequencer economics, bridging, and fee mechanisms.",False,,Assigned via curated taxonomy + Binance tags; L2 precedence over Protocol when both signals exist
VICUSDT,VIC,L2,VIC,2023-11-24,"Governance and utility token for the VIC in a Layer 2/sidechain architecture; enables protocol governance and may relate to sequencer economics, bridging, and fee mechanisms.",False,,Assigned via curated taxonomy + Binance tags; L2 precedence over Protocol when both signals exist
WANUSDT,WAN,L2,WAN,2023-01-01,"Governance and utility token for the WAN in a Layer 2/sidechain architecture; enables protocol governance and may relate to sequencer economics, bridging, and fee mechanisms.",False,,Assigned via curated taxonomy + Binance tags; L2 precedence over Protocol when both signals exist
WAXPUSDT,WAXP,L2,WAXP,2023-01-01,"Governance and utility token for the WAXP in a Layer 2/sidechain architecture; enables protocol governance and may relate to sequencer economics, bridging, and fee mechanisms.",False,,Assigned via curated taxonomy + Binance tags; L2 precedence over Protocol when both signals exist
ZILUSDT,ZIL,L2,ZIL,2023-01-01,"Governance and utility token for the ZIL in a Layer 2/sidechain architecture; enables protocol governance and may relate to sequencer economics, bridging, and fee mechanisms.",False,,Assigned via curated taxonomy + Binance tags; L2 precedence over Protocol when both signals exist
ZKUSDT,ZK,L2,ZK,2024-06-17,"Governance and utility token for the ZK in a Layer 2/sidechain architecture; enables protocol governance and may relate to sequencer economics, bridging, and fee mechanisms.",False,,Assigned via curated taxonomy + Binance tags; L2 precedence over Protocol when both signals exist
1000CATUSDT,1000CAT,Meme,1000CAT,2024-12-17,Community/meme-driven token (1000CAT) with value led by sentiment and demand rather than protocol utility; commonly used for transfers and speculation.,False,,Assigned via curated taxonomy + Binance tags
1000CHEEMSUSDT,1000CHEEMS,Meme,1000CHEEMS,2025-02-09,Community/meme-driven token (1000CHEEMS) with value led by sentiment and demand rather than protocol utility; commonly used for transfers and speculation.,False,,Assigned via curated taxonomy + Binance tags
1000SATSUSDT,1000SATS,Meme,1000SATS,2023-12-12,Community/meme-driven token (1000SATS) with value led by sentiment and demand rather than protocol utility; commonly used for transfers and speculation.,False,,Assigned via curated taxonomy + Binance tags
1MBABYDOGEUSDT,1MBABYDOGE,Meme,1MBABYDOGE,2024-09-16,Community/meme-driven token (1MBABYDOGE) with value led by sentiment and demand rather than protocol utility; commonly used for transfers and speculation.,False,,Assigned via curated taxonomy + Binance tags
ACTUSDT,ACT,Meme,ACT,2024-11-11,Community/meme-driven token (ACT) with value led by sentiment and demand rather than protocol utility; commonly used for transfers and speculation.,False,,Assigned via curated taxonomy + Binance tags
AIXBTUSDT,AIXBT,Meme,AIXBT,2025-01-10,Community/meme-driven token (AIXBT) with value led by sentiment and demand rather than protocol utility; commonly used for transfers and speculation.,False,,Assigned via curated taxonomy + Binance tags
BANANAS31USDT,BANANAS31,Meme,BANANAS31,2025-03-27,Community/meme-driven token (BANANAS31) with value led by sentiment and demand rather than protocol utility; commonly used for transfers and speculation.,False,,Assigned via curated taxonomy + Binance tags
BOMEUSDT,BOME,Meme,BOME,2024-03-16,Community/meme-driven token (BOME) with value led by sentiment and demand rather than protocol utility; commonly used for transfers and speculation.,False,,Assigned via curated taxonomy + Binance tags
BONKUSDT,BONK,Meme,BONK,2023-12-15,Community/meme-driven token (BONK) with value led by sentiment and demand rather than protocol utility; commonly used for transfers and speculation.,False,,Assigned via curated taxonomy + Binance tags
BROCCOLI714USDT,BROCCOLI714,Meme,BROCCOLI714,2025-03-27,Community/meme-driven token (BROCCOLI714) with value led by sentiment and demand rather than protocol utility; commonly used for transfers and speculation.,False,,Assigned via curated taxonomy + Binance tags
DOGEUSDT,DOGE,Meme,DOGE,2023-01-01,Community/meme-driven token (DOGE) with value led by sentiment and demand rather than protocol utility; commonly used for transfers and speculation.,False,,Assigned via curated taxonomy + Binance tags
DOGSUSDT,DOGS,Meme,DOGS,2024-08-26,Community/meme-driven token (DOGS) with value led by sentiment and demand rather than protocol utility; commonly used for transfers and speculation.,False,,Assigned via curated taxonomy + Binance tags
FLOKIUSDT,FLOKI,Meme,FLOKI,2023-05-05,Community/meme-driven token (FLOKI) with value led by sentiment and demand rather than protocol utility; commonly used for transfers and speculation.,False,,Assigned via curated taxonomy + Binance tags
GIGGLEUSDT,GIGGLE,Meme,GIGGLE,2025-10-25,Community/meme-driven token (GIGGLE) with value led by sentiment and demand rather than protocol utility; commonly used for transfers and speculation.,False,,Assigned via curated taxonomy + Binance tags
MEMEUSDT,MEME,Meme,MEME,2023-11-03,Community/meme-driven token (MEME) with value led by sentiment and demand rather than protocol utility; commonly used for transfers and speculation.,False,,Assigned via curated taxonomy + Binance tags
MUBARAKUSDT,MUBARAK,Meme,MUBARAK,2025-03-27,Community/meme-driven token (MUBARAK) with value led by sentiment and demand rather than protocol utility; commonly used for transfers and speculation.,False,,Assigned via curated taxonomy + Binance tags
NEIROUSDT,NEIRO,Meme,NEIRO,2024-09-16,Community/meme-driven token (NEIRO) with value led by sentiment and demand rather than protocol utility; commonly used for transfers and speculation.,False,,Assigned via curated taxonomy + Binance tags
ORDIUSDT,ORDI,Meme,ORDI,2023-11-07,Community/meme-driven token (ORDI) with value led by sentiment and demand rather than protocol utility; commonly used for transfers and speculation.,False,,Assigned via curated taxonomy + Binance tags
PENGUUSDT,PENGU,Meme,PENGU,2024-12-17,Community/meme-driven token (PENGU) with value led by sentiment and demand rather than protocol utility; commonly used for transfers and speculation.,False,,Assigned via curated taxonomy + Binance tags
PEOPLEUSDT,PEOPLE,Meme,PEOPLE,2023-01-01,Community/meme-driven token (PEOPLE) with value led by sentiment and demand rather than protocol utility; commonly used for transfers and speculation.,False,,Assigned via curated taxonomy + Binance tags
PEPEUSDT,PEPE,Meme,PEPE,2023-05-05,Community/meme-driven token (PEPE) with value led by sentiment and demand rather than protocol utility; commonly used for transfers and speculation.,False,,Assigned via curated taxonomy + Binance tags
PNUTUSDT,PNUT,Meme,PNUT,2024-11-11,Community/meme-driven token (PNUT) with value led by sentiment and demand rather than protocol utility; commonly used for transfers and speculation.,False,,Assigned via curated taxonomy + Binance tags
SHIBUSDT,SHIB,Meme,SHIB,2023-01-01,Community/meme-driven token (SHIB) with value led by sentiment and demand rather than protocol utility; commonly used for transfers and speculation.,False,,Assigned via curated taxonomy + Binance tags
TRUMPUSDT,TRUMP,Meme,TRUMP,2025-01-19,Community/meme-driven token (TRUMP) with value led by sentiment and demand rather than protocol utility; commonly used for transfers and speculation.,False,,Assigned via curated taxonomy + Binance tags
TSTUSDT,TST,Meme,TST,2025-02-09,Community/meme-driven token (TST) with value led by sentiment and demand rather than protocol utility; commonly used for transfers and speculation.,False,,Assigned via curated taxonomy + Binance tags
TURBOUSDT,TURBO,Meme,TURBO,2024-09-16,Community/meme-driven token (TURBO) with value led by sentiment and demand rather than protocol utility; commonly used for transfers and speculation.,False,,Assigned via curated taxonomy + Binance tags
TUTUSDT,TUT,Meme,TUT,2025-03-27,Community/meme-driven token (TUT) with value led by sentiment and demand rather than protocol utility; commonly used for transfers and speculation.,False,,Assigned via curated taxonomy + Binance tags
WIFUSDT,WIF,Meme,WIF,2024-03-05,Community/meme-driven token (WIF) with value led by sentiment and demand rather than protocol utility; commonly used for transfers and speculation.,False,,Assigned via curated taxonomy + Binance tags
1INCHUSDT,1INCH,Protocol,1INCH,2023-01-01,Governance token of the 1INCH on-chain protocol; holders vote on parameters and treasury and may capture protocol value.,False,,Assigned via curated taxonomy + Binance tags
AAVEUSDT,AAVE,Protocol,AAVE,2023-01-01,Governance token of the AAVE on-chain protocol; holders vote on parameters and treasury and may capture protocol value.,False,,Assigned via curated taxonomy + Binance tags
ACXUSDT,ACX,Protocol,ACX,2024-12-06,Governance token of the ACX on-chain protocol; holders vote on parameters and treasury and may capture protocol value.,False,,Assigned via curated taxonomy + Binance tags
ALCXUSDT,ALCX,Protocol,ALCX,2023-01-01,Governance token of the ALCX on-chain protocol; holders vote on parameters and treasury and may capture protocol value.,False,,Assigned via curated taxonomy + Binance tags
AMPUSDT,AMP,Protocol,AMP,2023-01-01,Governance token of the AMP on-chain protocol; holders vote on parameters and treasury and may capture protocol value.,False,,Assigned via curated taxonomy + Binance tags
ANKRUSDT,ANKR,Protocol,ANKR,2023-01-01,Governance token of the ANKR on-chain protocol focusing on liquid staking coordination; holders vote on parameters and treasury and may capture protocol value.,False,,Assigned via curated taxonomy + Binance tags
ASTERUSDT,ASTER,Protocol,ASTER,2025-10-06,Governance token of the ASTER on-chain protocol; holders vote on parameters and treasury and may capture protocol value.,False,,Assigned via curated taxonomy + Binance tags
AUCTIONUSDT,AUCTION,Protocol,AUCTION,2023-01-01,Governance token of the AUCTION on-chain protocol; holders vote on parameters and treasury and may capture protocol value.,False,,Assigned via curated taxonomy + Binance tags
AVNTUSDT,AVNT,Protocol,AVNT,2025-09-15,Governance token of the AVNT on-chain protocol; holders vote on parameters and treasury and may capture protocol value.,False,,Assigned via curated taxonomy + Binance tags
BALUSDT,BAL,Protocol,BAL,2022-12-15,Governance token of the BAL on-chain protocol; holders vote on parameters and treasury and may capture protocol value.,False,,Assigned via curated taxonomy + Binance tags
BANANAUSDT,BANANA,Protocol,BANANA,2024-07-20,Governance token of the BANANA on-chain protocol; holders vote on parameters and treasury and may capture protocol value.,False,,Assigned via curated taxonomy + Binance tags
BANDUSDT,BAND,Protocol,BAND,2023-01-01,Governance token of the BAND on-chain protocol; holders vote on parameters and treasury and may capture protocol value.,False,,Assigned via curated taxonomy + Binance tags
BANKUSDT,BANK,Protocol,BANK,2025-11-13,Governance token of the BANK on-chain protocol; holders vote on parameters and treasury and may capture protocol value.,False,,Assigned via curated taxonomy + Binance tags
BARDUSDT,BARD,Protocol,BARD,2025-09-18,Governance token of the BARD on-chain protocol; holders vote on parameters and treasury and may capture protocol value.,False,,Assigned via curated taxonomy + Binance tags
BELUSDT,BEL,Protocol,BEL,2023-01-01,Governance token of the BEL on-chain protocol; holders vote on parameters and treasury and may capture protocol value.,False,,Assigned via curated taxonomy + Binance tags
BIFIUSDT,BIFI,Protocol,BIFI,2023-01-01,Governance token of the BIFI on-chain protocol; holders vote on parameters and treasury and may capture protocol value.,False,,Assigned via curated taxonomy + Binance tags
BNTUSDT,BNT,Protocol,BNT,2023-01-01,Governance token of the BNT on-chain protocol; holders vote on parameters and treasury and may capture protocol value.,False,,Assigned via curated taxonomy + Binance tags
C98USDT,C98,Protocol,C98,2023-01-01,Governance token of the C98 on-chain protocol; holders vote on parameters and treasury and may capture protocol value.,False,,Assigned via curated taxonomy + Binance tags
CAKEUSDT,CAKE,Protocol,CAKE,2023-01-01,Governance token of the CAKE on-chain protocol; holders vote on parameters and treasury and may capture protocol value.,False,,Assigned via curated taxonomy + Binance tags
CETUSUSDT,CETUS,Protocol,CETUS,2024-11-06,Governance token of the CETUS on-chain protocol; holders vote on parameters and treasury and may capture protocol value.,False,,Assigned via curated taxonomy + Binance tags
CHESSUSDT,CHESS,Protocol,CHESS,2023-01-01,Governance token of the CHESS on-chain protocol; holders vote on parameters and treasury and may capture protocol value.,False,,Assigned via curated taxonomy + Binance tags
COMPUSDT,COMP,Protocol,COMP,2023-01-01,Governance token of the COMP on-chain protocol; holders vote on parameters and treasury and may capture protocol value.,False,,Assigned via curated taxonomy + Binance tags
COWUSDT,COW,Protocol,COW,2024-11-06,Governance token of the COW on-chain protocol; holders vote on parameters and treasury and may capture protocol value.,False,,Assigned via curated taxonomy + Binance tags
CRVUSDT,CRV,Protocol,CRV,2023-01-01,Governance token of the CRV on-chain protocol; holders vote on parameters and treasury and may capture protocol value.,False,,Assigned via curated taxonomy + Binance tags
CVXUSDT,CVX,Protocol,CVX,2023-01-01,Governance token of the CVX on-chain protocol; holders vote on parameters and treasury and may capture protocol value.,False,,Assigned via curated taxonomy + Binance tags
DEGOUSDT,DEGO,Protocol,DEGO,2023-01-01,Governance token of the DEGO on-chain protocol; holders vote on parameters and treasury and may capture protocol value.,False,,Assigned via curated taxonomy + Binance tags
DEXEUSDT,DEXE,Protocol,DEXE,2023-01-01,Governance token of the DEXE on-chain protocol; holders vote on parameters and treasury and may capture protocol value.,False,,Assigned via curated taxonomy + Binance tags
DIAUSDT,DIA,Protocol,DIA,2023-01-01,Governance token of the DIA on-chain protocol; holders vote on parameters and treasury and may capture protocol value.,False,,Assigned via curated taxonomy + Binance tags
DODOUSDT,DODO,Protocol,DODO,2023-01-01,Governance token of the DODO on-chain protocol; holders vote on parameters and treasury and may capture protocol value.,False,,Assigned via curated taxonomy + Binance tags
DOLOUSDT,DOLO,Protocol,DOLO,2025-08-27,Governance token of the DOLO on-chain protocol; holders vote on parameters and treasury and may capture protocol value.,False,,Assigned via curated taxonomy + Binance tags
DYDXUSDT,DYDX,Protocol,DYDX,2023-01-01,Governance token of the DYDX on-chain protocol; holders vote on parameters and treasury and may capture protocol value.,False,,Assigned via curated taxonomy + Binance tags
EIGENUSDT,EIGEN,Protocol,EIGEN,2024-10-01,Governance token of the EIGEN on-chain protocol; holders vote on parameters and treasury and may capture protocol value.,False,,Assigned via curated taxonomy + Binance tags
ENAUSDT,ENA,Protocol,ENA,2024-04-02,Governance token of the ENA on-chain protocol; holders vote on parameters and treasury and may capture protocol value.,False,,Assigned via curated taxonomy + Binance tags
ETHFIUSDT,ETHFI,Protocol,ETHFI,2024-03-18,Governance token of the ETHFI on-chain protocol; holders vote on parameters and treasury and may capture protocol value.,False,,Assigned via curated taxonomy + Binance tags
EULUSDT,EUL,Protocol,EUL,2025-10-13,Governance token of the EUL on-chain protocol; holders vote on parameters and treasury and may capture protocol value.,False,,Assigned via curated taxonomy + Binance tags
FUSDT,F,Protocol,F,2025-10-25,Governance token of the F on-chain protocol; holders vote on parameters and treasury and may capture protocol value.,False,,Assigned via curated taxonomy + Binance tags
FARMUSDT,FARM,Protocol,FARM,2023-01-01,Governance token of the FARM on-chain protocol; holders vote on parameters and treasury and may capture protocol value.,False,,Assigned via curated taxonomy + Binance tags
FFUSDT,FF,Protocol,FF,2025-09-29,Governance token of the FF on-chain protocol; holders vote on parameters and treasury and may capture protocol value.,False,,Assigned via curated taxonomy + Binance tags
FISUSDT,FIS,Protocol,FIS,2023-01-01,Governance token of the FIS on-chain protocol focusing on liquid staking coordination; holders vote on parameters and treasury and may capture protocol value.,False,,Assigned via curated taxonomy + Binance tags
FORMUSDT,FORM,Protocol,FORM,2025-03-19,Governance token of the FORM on-chain protocol; holders vote on parameters and treasury and may capture protocol value.,False,,Assigned via curated taxonomy + Binance tags
FORTHUSDT,FORTH,Protocol,FORTH,2023-01-01,Governance token of the FORTH on-chain protocol; holders vote on parameters and treasury and may capture protocol value.,False,,Assigned via curated taxonomy + Binance tags
FTMUSDT,FTM,Protocol,FTM,2022-12-15,Governance token of the FTM on-chain protocol; holders vote on parameters and treasury and may capture protocol value.,False,,Assigned via curated taxonomy + Binance tags
FXSUSDT,FXS,Protocol,FXS,2023-01-01,Governance token of the FXS on-chain protocol focusing on liquid staking coordination; holders vote on parameters and treasury and may capture protocol value.,False,,Assigned via curated taxonomy + Binance tags
GMXUSDT,GMX,Protocol,GMX,2022-10-05,Governance token of the GMX on-chain protocol; holders vote on parameters and treasury and may capture protocol value.,False,,Assigned via curated taxonomy + Binance tags
GNSUSDT,GNS,Protocol,GNS,2023-02-17,Governance token of the GNS on-chain protocol; holders vote on parameters and treasury and may capture protocol value.,False,,Assigned via curated taxonomy + Binance tags
HEIUSDT,HEI,Protocol,HEI,2025-02-13,Governance token of the HEI on-chain protocol; holders vote on parameters and treasury and may capture protocol value.,False,,Assigned via curated taxonomy + Binance tags
HFTUSDT,HFT,Protocol,HFT,2022-11-07,Governance token of the HFT on-chain protocol; holders vote on parameters and treasury and may capture protocol value.,False,,Assigned via curated taxonomy + Binance tags
HOMEUSDT,HOME,Protocol,HOME,2025-06-12,Governance token of the HOME on-chain protocol; holders vote on parameters and treasury and may capture protocol value.,False,,Assigned via curated taxonomy + Binance tags
IDEXUSDT,IDEX,Protocol,IDEX,2023-01-01,Governance token of the IDEX on-chain protocol; holders vote on parameters and treasury and may capture protocol value.,False,,Assigned via curated taxonomy + Binance tags
JOEUSDT,JOE,Protocol,JOE,2023-01-01,Governance token of the JOE on-chain protocol; holders vote on parameters and treasury and may capture protocol value.,False,,Assigned via curated taxonomy + Binance tags
JSTUSDT,JST,Protocol,JST,2023-01-01,Governance token of the JST on-chain protocol; holders vote on parameters and treasury and may capture protocol value.,False,,Assigned via curated taxonomy + Binance tags
JTOUSDT,JTO,Protocol,JTO,2023-12-07,Governance token of the JTO on-chain protocol; holders vote on parameters and treasury and may capture protocol value.,False,,Assigned via curated taxonomy + Binance tags
KERNELUSDT,KERNEL,Protocol,KERNEL,2025-04-14,Governance token of the KERNEL on-chain protocol; holders vote on parameters and treasury and may capture protocol value.,False,,Assigned via curated taxonomy + Binance tags
KMNOUSDT,KMNO,Protocol,KMNO,2025-05-06,Governance token of the KMNO on-chain protocol; holders vote on parameters and treasury and may capture protocol value.,False,,Assigned via curated taxonomy + Binance tags
KNCUSDT,KNC,Protocol,KNC,2023-01-01,Governance token of the KNC on-chain protocol; holders vote on parameters and treasury and may capture protocol value.,False,,Assigned via curated taxonomy + Binance tags
LAYERUSDT,LAYER,Protocol,LAYER,2025-02-11,Governance token of the LAYER on-chain protocol; holders vote on parameters and treasury and may capture protocol value.,False,,Assigned via curated taxonomy + Binance tags
LDOUSDT,LDO,Protocol,LDO,2023-01-01,Governance token of the LDO on-chain protocol focusing on liquid staking coordination; holders vote on parameters and treasury and may capture protocol value.,False,,Assigned via curated taxonomy + Binance tags
LISTAUSDT,LISTA,Protocol,LISTA,2024-06-20,Governance token of the LISTA on-chain protocol focusing on liquid staking coordination; holders vote on parameters and treasury and may capture protocol value.,False,,Assigned via curated taxonomy + Binance tags
LQTYUSDT,LQTY,Protocol,LQTY,2023-02-28,Governance token of the LQTY on-chain protocol; holders vote on parameters and treasury and may capture protocol value.,False,,Assigned via curated taxonomy + Binance tags
LRCUSDT,LRC,Protocol,LRC,2023-01-01,Governance token of the LRC on-chain protocol; holders vote on parameters and treasury and may capture protocol value.,False,,Assigned via curated taxonomy + Binance tags
MAVUSDT,MAV,Protocol,MAV,2023-06-28,Governance token of the MAV on-chain protocol; holders vote on parameters and treasury and may capture protocol value.,False,,Assigned via curated taxonomy + Binance tags
METUSDT,MET,Protocol,MET,2025-11-13,Governance token of the MET on-chain protocol; holders vote on parameters and treasury and may capture protocol value.,False,,Assigned via curated taxonomy + Binance tags
MITOUSDT,MITO,Protocol,MITO,2025-08-29,Governance token of the MITO on-chain protocol; holders vote on parameters and treasury and may capture protocol value.,False,,Assigned via curated taxonomy + Binance tags
MKRUSDT,MKR,Protocol,MKR,2022-12-15,Governance token of the MKR on-chain protocol; holders vote on parameters and treasury and may capture protocol value.,False,,Assigned via curated taxonomy + Binance tags
MLNUSDT,MLN,Protocol,MLN,2023-01-01,Governance token of the MLN on-chain protocol; holders vote on parameters and treasury and may capture protocol value.,False,,Assigned via curated taxonomy + Binance tags
MMTUSDT,MMT,Protocol,MMT,2025-11-04,Governance token of the MMT on-chain protocol; holders vote on parameters and treasury and may capture protocol value.,False,,Assigned via curated taxonomy + Binance tags
MORPHOUSDT,MORPHO,Protocol,MORPHO,2025-10-03,Governance token of the MORPHO on-chain protocol; holders vote on parameters and treasury and may capture protocol value.,False,,Assigned via curated taxonomy + Binance tags
NMRUSDT,NMR,Protocol,NMR,2023-01-01,Governance token of the NMR on-chain protocol; holders vote on parameters and treasury and may capture protocol value.,False,,Assigned via curated taxonomy + Binance tags
OGNUSDT,OGN,Protocol,OGN,2023-01-01,Governance token of the OGN on-chain protocol focusing on liquid staking coordination; holders vote on parameters and treasury and may capture protocol value.,False,,Assigned via curated taxonomy + Binance tags
ORCAUSDT,ORCA,Protocol,ORCA,2024-12-06,Governance token of the ORCA on-chain protocol; holders vote on parameters and treasury and may capture protocol value.,False,,Assigned via curated taxonomy + Binance tags
PENDLEUSDT,PENDLE,Protocol,PENDLE,2023-07-03,Governance token of the PENDLE on-chain protocol; holders vote on parameters and treasury and may capture protocol value.,False,,Assigned via curated taxonomy + Binance tags
QIUSDT,QI,Protocol,QI,2023-01-01,Governance token of the QI on-chain protocol focusing on liquid staking coordination; holders vote on parameters and treasury and may capture protocol value.,False,,Assigned via curated taxonomy + Binance tags
QUICKUSDT,QUICK,Protocol,QUICK,2023-01-01,Governance token of the QUICK on-chain protocol; holders vote on parameters and treasury and may capture protocol value.,False,,Assigned via curated taxonomy + Binance tags
RAYUSDT,RAY,Protocol,RAY,2023-01-01,Governance token of the RAY on-chain protocol; holders vote on parameters and treasury and may capture protocol value.,False,,Assigned via curated taxonomy + Binance tags
RDNTUSDT,RDNT,Protocol,RDNT,2023-03-30,Governance token of the RDNT on-chain protocol; holders vote on parameters and treasury and may capture protocol value.,False,,Assigned via curated taxonomy + Binance tags
RESOLVUSDT,RESOLV,Protocol,RESOLV,2025-06-11,Governance token of the RESOLV on-chain protocol; holders vote on parameters and treasury and may capture protocol value.,False,,Assigned via curated taxonomy + Binance tags
REZUSDT,REZ,Protocol,REZ,2024-04-30,Governance token of the REZ on-chain protocol; holders vote on parameters and treasury and may capture protocol value.,False,,Assigned via curated taxonomy + Binance tags
RPLUSDT,RPL,Protocol,RPL,2023-01-19,Governance token of the RPL on-chain protocol focusing on liquid staking coordination; holders vote on parameters and treasury and may capture protocol value.,False,,Assigned via curated taxonomy + Binance tags
RSRUSDT,RSR,Protocol,RSR,2023-01-01,Governance token of the RSR on-chain protocol; holders vote on parameters and treasury and may capture protocol value.,False,,Assigned via curated taxonomy + Binance tags
RUNEUSDT,RUNE,Protocol,RUNE,2023-01-01,Governance token of the RUNE on-chain protocol; holders vote on parameters and treasury and may capture protocol value.,False,,Assigned via curated taxonomy + Binance tags
SKYUSDT,SKY,Protocol,SKY,2025-09-17,Governance token of the SKY on-chain protocol; holders vote on parameters and treasury and may capture protocol value.,False,,Assigned via curated taxonomy + Binance tags
SNXUSDT,SNX,Protocol,SNX,2023-01-01,Governance token of the SNX on-chain protocol; holders vote on parameters and treasury and may capture protocol value.,False,,Assigned via curated taxonomy + Binance tags
SOLVUSDT,SOLV,Protocol,SOLV,2025-01-17,Governance token of the SOLV on-chain protocol; holders vote on parameters and treasury and may capture protocol value.,False,,Assigned via curated taxonomy + Binance tags
SPELLUSDT,SPELL,Protocol,SPELL,2023-01-01,Governance token of the SPELL on-chain protocol; holders vote on parameters and treasury and may capture protocol value.,False,,Assigned via curated taxonomy + Binance tags
SPKUSDT,SPK,Protocol,SPK,2025-06-17,Governance token of the SPK on-chain protocol; holders vote on parameters and treasury and may capture protocol value.,False,,Assigned via curated taxonomy + Binance tags
STGUSDT,STG,Protocol,STG,2022-08-19,Governance token of the STG on-chain protocol; holders vote on parameters and treasury and may capture protocol value.,False,,Assigned via curated taxonomy + Binance tags
STOUSDT,STO,Protocol,STO,2025-05-02,Governance token of the STO on-chain protocol; holders vote on parameters and treasury and may capture protocol value.,False,,Assigned via curated taxonomy + Binance tags
SUNUSDT,SUN,Protocol,SUN,2023-01-01,Governance token of the SUN on-chain protocol; holders vote on parameters and treasury and may capture protocol value.,False,,Assigned via curated taxonomy + Binance tags
SUSHIUSDT,SUSHI,Protocol,SUSHI,2023-01-01,Governance token of the SUSHI on-chain protocol; holders vote on parameters and treasury and may capture protocol value.,False,,Assigned via curated taxonomy + Binance tags
SXPUSDT,SXP,Protocol,SXP,2023-01-01,Governance token of the SXP on-chain protocol; holders vote on parameters and treasury and may capture protocol value.,False,,Assigned via curated taxonomy + Binance tags
SYNUSDT,SYN,Protocol,SYN,2023-02-22,Governance token of the SYN on-chain protocol; holders vote on parameters and treasury and may capture protocol value.,False,,Assigned via curated taxonomy + Binance tags
THEUSDT,THE,Protocol,THE,2024-11-27,Governance token of the THE on-chain protocol; holders vote on parameters and treasury and may capture protocol value.,False,,Assigned via curated taxonomy + Binance tags
TRBUSDT,TRB,Protocol,TRB,2023-01-01,Governance token of the TRB on-chain protocol; holders vote on parameters and treasury and may capture protocol value.,False,,Assigned via curated taxonomy + Binance tags
TREEUSDT,TREE,Protocol,TREE,2025-07-29,Governance token of the TREE on-chain protocol; holders vote on parameters and treasury and may capture protocol value.,False,,Assigned via curated taxonomy + Binance tags
TRUUSDT,TRU,Protocol,TRU,2023-01-01,Governance token of the TRU on-chain protocol; holders vote on parameters and treasury and may capture protocol value.,False,,Assigned via curated taxonomy + Binance tags
TURTLEUSDT,TURTLE,Protocol,TURTLE,2025-10-22,Governance token of the TURTLE on-chain protocol; holders vote on parameters and treasury and may capture protocol value.,False,,Assigned via curated taxonomy + Binance tags
UMAUSDT,UMA,Protocol,UMA,2023-01-01,Governance token of the UMA on-chain protocol; holders vote on parameters and treasury and may capture protocol value.,False,,Assigned via curated taxonomy + Binance tags
UNIUSDT,UNI,Protocol,UNI,2023-01-01,Governance token of the UNI on-chain protocol; holders vote on parameters and treasury and may capture protocol value.,False,,Assigned via curated taxonomy + Binance tags
USTCUSDT,USTC,Protocol,USTC,2023-01-01,Governance token of the USTC on-chain protocol; holders vote on parameters and treasury and may capture protocol value.,False,,Assigned via curated taxonomy + Binance tags
USUALUSDT,USUAL,Protocol,USUAL,2024-12-18,Governance token of the USUAL on-chain protocol; holders vote on parameters and treasury and may capture protocol value.,False,,Assigned via curated taxonomy + Binance tags
VELODROMEUSDT,VELODROME,Protocol,VELODROME,2024-12-13,Governance token of the VELODROME on-chain protocol; holders vote on parameters and treasury and may capture protocol value.,False,,Assigned via curated taxonomy + Binance tags
WLFIUSDT,WLFI,Protocol,WLFI,2025-09-01,Governance token of the WLFI on-chain protocol; holders vote on parameters and treasury and may capture protocol value.,False,,Assigned via curated taxonomy + Binance tags
WOOUSDT,WOO,Protocol,WOO,2023-01-01,Governance token of the WOO on-chain protocol; holders vote on parameters and treasury and may capture protocol value.,False,,Assigned via curated taxonomy + Binance tags
XVSUSDT,XVS,Protocol,XVS,2023-01-01,Governance token of the XVS on-chain protocol; holders vote on parameters and treasury and may capture protocol value.,False,,Assigned via curated taxonomy + Binance tags
YBUSDT,YB,Protocol,YB,2025-10-15,Governance token of the YB on-chain protocol; holders vote on parameters and treasury and may capture protocol value.,False,,Assigned via curated taxonomy + Binance tags
YFIUSDT,YFI,Protocol,YFI,2023-01-01,Governance token of the YFI on-chain protocol; holders vote on parameters and treasury and may capture protocol value.,False,,Assigned via curated taxonomy + Binance tags
ZBTUSDT,ZBT,Protocol,ZBT,2025-10-17,Governance token of the ZBT on-chain protocol; holders vote on parameters and treasury and may capture protocol value.,False,,Assigned via curated taxonomy + Binance tags
ZRXUSDT,ZRX,Protocol,ZRX,2023-01-01,Governance token of the ZRX on-chain protocol; holders vote on parameters and treasury and may capture protocol value.,False,,Assigned via curated taxonomy + Binance tags
